disease_id,name,crop_id,crop,pathogen_type,causal_agent,symptoms,affected_parts,favourable_conditions,management
DIS_RICE_BLAST,Rice blast,CROP_RICE,Rice,fungal,Magnaporthe oryzae,"Spindle-shaped lesions with grey centre on leaves, nodes and panicle neck",leaf|stem|panicle,"High humidity, 25-28 C, excess nitrogen","Resistant varieties, balanced N; tricyclazole/isoprothiolane at booting"
DIS_RICE_BLB,Bacterial leaf blight,CROP_RICE,Rice,bacterial,Xanthomonas oryzae pv. oryzae,"Water-soaked lesions, yellowing, drying from leaf tip",leaf,"Warm, high humidity, standing water","Clean seed, avoid excess N; copper sprays"
DIS_RICE_BROWN_SPOT,Brown spot,CROP_RICE,Rice,fungal,Bipolaris oryzae,Brown oval spots on leaves and grains,leaf|grain,"Nutrient-deficient soil, drought",Balanced nutrition; mancozeb/propiconazole
DIS_RICE_SHEATH_BLIGHT,Sheath blight,CROP_RICE,Rice,fungal,Rhizoctonia solani,Grey-green lesions on leaf sheaths near water line,sheath|leaf,"High humidity, dense canopy",Wider spacing; hexaconazole/validamycin
DIS_WHEAT_RUST,Wheat rusts (leaf/stem/stripe),CROP_WHEAT,Wheat,fungal,Puccinia spp.,Rust-coloured pustules on leaves/stem,leaf|stem,Cool moist weather,Resistant varieties; propiconazole/tebuconazole
DIS_WHEAT_PM,Powdery mildew,CROP_WHEAT,Wheat,fungal,Blumeria graminis,White powdery growth on leaves,leaf,"Cool humid, 15-20 C",Wettable sulphur
DIS_MAIZE_DM,Downy mildew,CROP_MAIZE,Maize,fungal,Peronosclerospora spp.,"Chlorotic stripes, white downy growth, stunting",leaf,Cool humid,"Metalaxyl seed treatment, resistant hybrids"
DIS_MAIZE_BLSB,Banded leaf and sheath blight,CROP_MAIZE,Maize,fungal,Rhizoctonia solani f. sp. sasakii,Banded lesions on leaf/sheath,leaf|sheath,Warm humid,Carbendazim/propiconazole
DIS_TOMATO_EB,Early blight,CROP_TOMATO,Tomato,fungal,Alternaria solani,Concentric ring spots on lower leaves,leaf|stem|fruit,"Warm humid, dew",Mancozeb/chlorothalonil; mulching
DIS_TOMATO_LB,Late blight,CROP_TOMATO,Tomato,fungal,Phytophthora infestans,"Water-soaked greasy lesions, white growth under leaf",leaf|stem|fruit,Cool (10-20 C) humid,"Metalaxyl+mancozeb, cymoxanil; avoid overhead irrigation"
DIS_TOMATO_BW,Bacterial wilt,CROP_TOMATO,Tomato,bacterial,Ralstonia solanacearum,"Sudden wilting, brown vascular browning",root|stem,Warm wet soil,"Crop rotation, resistant rootstocks, soil solarization"
DIS_TOMATO_LCV,Leaf curl,CROP_TOMATO,Tomato,viral,Tomato leaf curl virus (ToLCV),"Upward curling, yellowing, stunting",leaf,High whitefly population,"Whitefly control, resistant hybrids"
DIS_POTATO_LB,Late blight,CROP_POTATO,Potato,fungal,Phytophthora infestans,Brown-black lesions on leaves and tubers,leaf|tuber,Cool humid,"Metalaxyl+mancozeb, roguing"
DIS_CHILLI_ANTHRACNOSE,Anthracnose (die-back/fruit rot),CROP_CHILLI,Chilli,fungal,Colletotrichum capsici,"Sunken dark spots on fruit, die-back of twigs",fruit|stem,Warm humid,"Carbendazim/chlorothalonil, clean seed"
DIS_CHILLI_LCV,Leaf curl,CROP_CHILLI,Chilli,viral,Chilli leaf curl virus,"Curling, puckering, stunting",leaf,Whitefly vector,"Whitefly control, resistant varieties"
DIS_ONION_PB,Purple blotch,CROP_ONION,Onion,fungal,Alternaria porri,"Purple blotches on leaves, leaf die-back",leaf,Warm humid,Mancozeb/propiconazole
DIS_COTTON_LCV,Leaf curl,CROP_COTTON,Cotton,viral,Cotton leaf curl virus,"Upward curling, enations on veins",leaf,Whitefly (Bemisia tabaci),"Whitefly control, resistant varieties"
DIS_COTTON_WILT,Fusarium wilt,CROP_COTTON,Cotton,fungal,Fusarium oxysporum f. sp. vasinfectum,"Wilting, vascular discoloration",root|stem,Warm dry soil,"Resistant varieties, rotation"
DIS_SUGARCANE_RR,Red rot,CROP_SUGARCANE,Sugarcane,fungal,Colletotrichum falcatum,Reddening of internodes with white patches,stem,"High humidity, injury","Resistant varieties, clean setts, hot water treatment"
DIS_SUGARCANE_SMUT,Smut,CROP_SUGARCANE,Sugarcane,fungal,Sporisorium scitamineum,Whip-like black sorus from apex,stem|flower,Dry warm,"Roguing, resistant varieties"
DIS_GROUNDNUT_TIKKA,Tikka (early/late leaf spot),CROP_GROUNDNUT,Groundnut,fungal,Cercospora arachidicola / Phaeoisariopsis personata,"Circular brown spots, premature defoliation",leaf,Warm humid,"Carbendazim/chlorothalonil, rotation"
DIS_GRAPE_DM,Downy mildew,CROP_GRAPES,Grapes,fungal,Plasmopara viticola,"Oily yellow spots, white growth under leaf",leaf|fruit,Cool humid,"Metalaxyl+mancozeb, Bordeaux mixture"
DIS_BANANA_PW,Panama wilt,CROP_BANANA,Banana,fungal,Fusarium oxysporum f. sp. cubense,"Yellowing, pseudostem splitting, vascular discoloration",root|stem,Warm soil,"Resistant varieties, clean planting material"
DIS_BANANA_SIGATOKA,Sigatoka leaf spot,CROP_BANANA,Banana,fungal,Mycosphaerella musicola,"Brown streaks, leaf spots, reduced photosynthesis",leaf,Humid,"Propiconazole, de-trashing"
DIS_MANGO_ANTH,Anthracnose,CROP_MANGO,Mango,fungal,Colletotrichum gloeosporioides,"Dark sunken lesions on leaves, flowers, fruit",leaf|flower|fruit,Rainy humid,Carbendazim/thiophanate-methyl at flowering
DIS_MANGO_PM,Powdery mildew,CROP_MANGO,Mango,fungal,Oidium mangiferae,White powdery growth on inflorescence,flower|leaf,Cool dry,"Wettable sulphur, dinocap"
DIS_CITRUS_CANKER,Citrus canker,CROP_ORANGE,Citrus,bacterial,Xanthomonas citri subsp. citri,Corky raised lesions with yellow halo on leaves/fruit,leaf|fruit|stem,"Warm humid, wind-driven rain","Copper sprays, windbreaks, clean nursery stock"
DIS_BRINJAL_LL,Little leaf,CROP_BRINJAL,Brinjal,phytoplasma,Candidatus Phytoplasma,"Small narrow leaves, bushy stunted growth",leaf|stem,Leafhopper vector,"Vector control, roguing, resistant varieties"
DIS_BRINJAL_BW,Bacterial wilt,CROP_BRINJAL,Brinjal,bacterial,Ralstonia solanacearum,"Wilting, vascular browning",root|stem,Warm wet soil,"Grafting on resistant rootstock, rotation"
DIS_OKRA_YVMV,Yellow vein mosaic,CROP_OKRA,Okra,viral,Bhendi yellow vein mosaic virus (BYVMV),"Yellowing of veins, stunting, few fruits",leaf,Whitefly vector,"Whitefly control, resistant varieties"
